interest_id,interest_name
6003349442621,Entertainment
6003142505790,Facebook
6003342621987,Social network
6003167425934,Shopping and fashion
6003985771306,Technology
6012547807252,Hobbies and activities
6003045600844,Instant messaging
6009177290315,Facebook Messenger
6008803895164,Sports and outdoors
6003269553527,Sports
6008740787350,Business and industry
6003716669862,Consumer electronics
6003263791114,Shopping
6012684376438,Family and relationships
6003188427578,Facebook for Android
6009248606271,Food and drink
6003020834693,Music
6003070856229,Games
6003266061909,Food
6003139266461,Movies
6004160395895,Travel
6003476182657,Family
6002991736368,Reading
6003186556105,Love
6003224441249,Televisions
6003404634364,Computers
6003940339466,Video games
6002971085794,Mobile phones
6003029869785,Arts and music
6003456388203,Clothing
6003327060545,Education
6002867432822,Beauty
6004100985609,Friendship
6003346592981,Online shopping
6003133486214,Vehicles
6003670602220,Instagram
6003384248805,Fitness and wellness
6003117496988,
6003343846195,Life
6003176678152,Automobiles
6003329354837,Time
6003402305839,Business
6003107902433,Association football (Soccer)
6003130044117,Finance
6002932652762,World
6003172932634,TV
6003649983713,Design
6003299204611,Beverages
6003539884903,Android (operating system)
6010924093432,Live events
6003899195666,Photography
6003074954515,Sales
6003780008652,Online
6003348604581,Fashion accessories
6011515350975,Politics and social issues
6003582492638,Happiness
6002839660079,Cosmetics
6003115458342,Google Play
6003332483177,Music videos
6003348453981,Shoes
6003345696474,Child
6004037726009,Pets
6003423416540,Free software
6003243461213,Human
6003513539242,Price
6003462707303,Books
6003525810694,Video
6003290811111,Current events
6003231864010,Photograph
6021349682746,Mobile app
6003341579196,Pop music
6005609368513,Software
6002880533372,Chang'e
6003582732907,Rock music
6003289911338,Smartphones
6003188098201,Woman
6004110675424,Day
6003423342191,Dance
6003318587288,Image
6004043913548,Newspapers
6003280762643,Country
6003143720966,Personal finance
6003371616940,Brand
6003215957745,Application software
6003702989291,Website
6003430696269,Tourism
6003393912731,People
6003584283289,WhatsApp
6003659420716,Cooking
6003696621690,Gratitude
6003436950375,Restaurants
6003359996821,Nature
6009422452499,Home and garden
6002986908368,House
6003248297213,Product (business)
6002991239659,Motherhood
6011366104268,Women's clothing
6003373017775,United States
6003753105091,Email
6003418314031,Home
6003246361542,Download
6003573036687,Electronics
6003902907066,Li Ke
6003054884732,Coupons
6003201804413,Color
6003188355978,Dresses
6003425313775,Emotion
6003245465167,Journalism
6003540542827,Water
6003456330903,Hair products
6003266225248,Jewelry
6003000774850,Eating
6003088846792,Beauty salons
6003270811593,Higher education
6003077008693,God
6011451224265,Imagem
6003236484449,Learning
6003290348256,Telecommunication
6003168601235,Week
6002985584323,Outdoor recreation
6004180881895,Information
6003140995966,Company
6003390752144,Shopping malls
6007828099136,Luxury goods
6003279598823,Marketing
6003626773307,Coffee
6003369240775,Basketball
6003155348505,Sibling
6003772121522,Telephone
6003254590688,Spas
6003325662688,Sales promotion
6003324338179,City
6003161475030,Comedy movies
6003409043877,Alcoholic beverages
6003100693640,Money
6003452098986,Rings of Saturn
6003137935900,
6003589919518,COM file
6003145979068,School
6003572379887,Hotels
6004036173148,Medicine
6004158316095,YouTube
6003737549104,Homo sapiens
6003377622944,Skin
6011994253127,Men's clothing
6003200630082,Society
6003223339834,Culture
6003225556345,Hip hop music
6003146344026,Facebook for Iphone
6003068366382,Trousers
6003480600464,Earth
6002944044446,IPhone
6003852888852,Heart
6003323844497,Infant
6003145168352,Victory
6003277229371,Physical fitness
6003019539929,Gift
6003089918015,University
6004115167424,Physical exercise
6003385609165,Recipes
6003089164592,Year
6003059733932,First-person shooter games
6003902397066,Electronic music
6003110046272,Aesthetics
6003717890746,Research
6003464102003,Twitter
6002866718622,Science
6003206216430,Magazines
6003567719718,Gold
6003103108917,Boutiques
6003153672865,Online games
6003379167743,Europe
6002885002822,Sun
6003369782940,Credit cards
6003332344237,Dogs
6003324917336,
6003256793569,Footwear
6003049202156,Community issues
6003582690707,Humour
6003395353671,Religion
6003666664220,Fan (person)
6003481146564,Delivery (commerce)
6003259120909,Flower
6003342188930,Student
6003195797498,Cuisine
6003132926214,Furniture
6003195554098,Rhythm and blues music
6003133978408,Chocolate
6003703762913,Law
6003092582417,Blog
6003107699532,Soul music
6003082070797,Philosophy
6003372784175,T-shirt
6003053056644,Gardening
6003491283786,Tea
6003152979349,Wonder (emotion)
6002957026250,Theatre
6003431201869,Beaches
6003336334689,Eye
6003215289938,Flatline
6003198476967,Handbags
6004034455409,Freight transport
6003397496403,Biology
6003306457180,Mind
6002840139279,Mass media
6003012317397,Gambling
6003025268985,Tattoos
6003242077675,Shirt
6003243604899,Action movies
6003778400853,Retail
6003256946482,Sound
6002968738492,Freeware
6003297396138,Banking
6003729063753,Watch
6002998047244,Blouse
6003070122382,Toys
6004003708061,India
6003125948045,Desserts
6002869022910,Light
6003310766888,Valentine's Day
6003015569173,Samsung
6003314163591,Face
6003543199827,Textile
6002883962822,Play (activity)
6003120620858,Coffeehouses
6003394307931,Member states of the United Nations
6003114870517,Fruit
6003199742665,Song
6003305507369,Cake
6002997799844,Singing
6012271491130,
6003064649070,Mountains
6002984938923,China
6002920953955,Interior design
6003392099943,Knowledge
6003087413192,Baseball
6003159378782,Cats
6003361714600,Nightclubs
6003190413105,Family (biology)
6003162946655,Language
6003417013277,Actor
6002911421772,Artist
6003355530237,
6003157824284,Bollywood movies
6003101323797,Fatherhood
6003325186571,Cameras
6003249531267,Leisure
6003142845761,Employment
6003147868152,Parties
6003358328204,Animal
6004107986809,
6003165927235,Career
6004025401589,Teacher
6003211401886,Air travel
6003181031933,Discounts and allowances
6003395414271,Construction
6003255640088,Sunglasses
6002970406974,Concerts
6003681763690,Wife
6003779917452,Puffy AmiYumi
6003668857118,Pizza
6003659729907,Celebrity
6004140335706,Architecture
6002988344794,Cricket
6003509853804,IOS
6003061614928,Touchscreen
6003207207886,
6003196574924,Brazil
6003249578667,History
6003224104145,Psychology
6003446282480,Customer
6003443805331,Fragrances
6003317542854,Stock
6007635637752,
6003012461997,Beer
6003417378239,Plays
6003254603288,Privately held company
6002897751962,Kitchen
6003043027845,Energy
6003705887546,Fatigue (medical)
6003217093576,Insurance
6003180715102,Contemporary R&B
6003277932171,Musical ensemble
6002989570768,Industry
6003142974961,Painting
6002926036121,Italy
6003255496088,Hairstyle
6003586608473,Writing
6003734280753,Communication
6003654559478,Politics
6003208762486,Leather
6003943667466,Game consoles
6003268182136,TV reality shows
6003657281638,Album
6002971095994,Action games
6003384877565,Transport
6003142844668,Martial arts
6002989170450,Sleep
6003154828549,Product (chemistry)
6002969794329,Spotify
6003156321008,Bars
6003336656596,Chicken
6003332406177,Organization
6003578086487,Real estate
6004034262609,Reality
6002949965174,
6003353550130,Motorcycles
6003306084421,Yoga
6003424400354,Bible
6003185207265,Husband
6003668975718,Puzzle video games
6003154784305,Thought
6003291452511,Universe
6003633122583,Heavy metal music
6003224999345,First Epistle to the Thessalonians
6003260221557,Spain
6003225325061,Thriller movies
6003409392877,Weddings
6003091387658,Smile
6003116716468,Idea
6003448254625,Pregnancy
6003823241507,Bitly
6003129926917,Animated movies
6003279515476,Village
6003584163107,Advertising
6014749604832,
6003388314512,Investment
6003198851865,Dating
6003376089674,American football
6003700426513,Japan
6003582533838,Personal computer
6002964065372,
6003382115337,
6003132914528,Therapy
6003101646240,Star
6002979844520,Angel
6003289482743,Glass
6003286289697,Birds
6003270631848,Training
6003495140827,Cotton
6003124454658,Soul
6002868741910,Team
6003435386246,Viber
6003148544265,Wine
6003107202901,Broadcasting
6004037932409,Management
6012627188055,Selfie
6003417207151,Taste
6003072295829,Physics
6002964346117,Hospital
6003141631026,Girl
6003840140052,Agriculture
6003220634758,Discount stores
6003159413034,Fish
6003016637329,Viral video
6003109774500,
6003390457803,Dream
6003651811316,Government
6003257757682,Blues music
6003493980595,Country music
6003108481633,Satellite television
6003445506042,Marriage
6003147885126,Jeans
6003397425735,Tennis
6003049405985,Romance film
6003332764437,Parent
6003342572223,Adolescence
6004114510624,Physician
6003134986700,Baking
6002989694968,Visual arts
6003163552515,Laughter
6002968506768,Online chat
6003462661944,Trade
6003374398954,Manufacturing
6003130700636,Police
6003107626192,Wholesale
6003074487739,E-books
6003261031309,Cloud computing
6003703021091,Web page
6003401304747,Tree
6003371567474,Entrepreneurship
6003384251605,Astronomy
6002963523717,Aviation
6004030160948,Social media
6002926108721,Vacations
6003357271404,France
6003975956748,Wood
6003239941142,Short Message Service
6003201119412,Poetry
6003349726605,Sugar
6003190679284,Streaming media
6003399993763,Silver
6002960574320,Tablet computers
6003403706343,Promotion (marketing)
6003115387268,Asia
6003314955799,Alternative rock
6003333353828,Skill
6003265203542,Breakfast
6003442322883,Apple Inc.
6004025434189,Plant
6003397496347,Running
6003508467842,Meat
6003369970935,Hour
6002868021822,Adventure travel
6003484343998,Music download
6004122805409,Magic (paranormal)
6003146718552,Auto racing
6003414169991,Being
6002929380259,Volleyball
6003146442552,Jazz music
6003653599438,Wish
6002936693259,Soft drinks
6002956937323,Mexico
6003252179711,Engineering
6003375214796,Female
6004099944209,Jesus
6003415393053,Children's clothing
6002927958659,Forward (association football)
6003209344533,Candy
6003011899481,Milk
6003341902545,Behavior
6003174252855,Community (TV series)
6003375422677,Drama movies
6003654257078,Model (people)
6003751277867,Pinterest
6003554961063,
6003334179351,Adventure
6003901761466,Thailand
6003512040864,Wealth
6003325857888,Record producer
6004037400009,Fast food
6003314443610,LOL
6003026294594,Paris
6003143596040,Justin Bieber
6003656922020,Horror movies
6003073168739,Spirituality
6003323586688,English language
6003589410638,Order (biology)
6003175366702,College
6003515247231,Electricity
6003352001930,Canada
6016388157921,
6003164535634,Information technology
6003139342776,Short film
6003393771563,Market (economics)
6003328429697,Renting
6002998096382,Sovereign state
6003247790075,Literature
6003899506652,Tuxedo
6003137662176,Flavor
6003002193982,Amazon.com
6003159994808,Hobby
6003351859930,Concept
6003400200763,Germany
6003373175581,Documentary movies
6003376763805,Chef
6003947290466,Bicycle
6003146658152,Reason
6014357938152,LG Optimus L4 II
6003232518610,Parenting
6003976528496,URL shortening
6003225930699,Cruises
6003012185129,Meditation
6002866906422,Skirt
6003320013018,Garden
6003071732829,Australia
6003152263430,Birthday
6003150915833,Sound recording and reproduction
6003207154776,
6003272351010,Prayer
6003103732434,Apartment
6003178374133,Fantasy movies
6003506472664,Exhibition game
6003370795474,Childbirth
6003028921819,Memory
6003096411016,Perfection
6003029973385,Computer network
6003414224689,Planet
6003384587151,Sneakers (footwear)
6003480609264,Google
6002968406892,Moon
6003599757633,Social science
6003470511564,Do it yourself (DIY)
6003201728013,Television network
6003342807051,Adult
6003071094715,Gospel music
6003331735894,Monarch
6003433300354,Love (John Lennon song)
6003372516775,Phil Spector
6003703931713,Juice
6003087106192,
6004180279295,Photographer
6003382150737,Dinner
6003480578469,Battery (electricity)
6003318557654,Adidas
6003207495534,World Wide Web
6003471970063,Paper
6003004236219,Present
6003090714101,Car rentals
6003276721810,Metal
6003378723965,Netflix
6003179515414,Dance music
6003287993741,Musical film
6003117680388,Property
6003435096731,Barbecue
6003067474007,Republic
6002998078382,Military
6003656112304,Economics
6003176714152,Nail (anatomy)
6002998254982,Television channel
6003647529746,Africa
6003102728434,Casual game
6002985004720,Tradition
6003902462066,Theme parks
6003280701823,Random-access memory
6003430600057,Lakes
6002890650510,Muscle
6003185579408,Cheese
6003450241842,Motorsport
6003284406579,Conversation
6003221189867,Swimming pool
6003219311958,Cream
6003064305615,Coca-Cola
6003362483697,Awe
6003206833430,
6003147911926,Mammal
6003654962420,Honey
6003135108190,Indonesia
6003416777039,Horses
6003127174924,Friday
1056164911066006,Wide Open West
6003301698460,Hero
6003089951815,McDonald's
6003285790897,Latin America
6003713596753,Turkey
6003392754754,"Nike, Inc."
6003464109203,Health care
6003514121042,War
6003430977869,Meme
6003111344645,Bus
6003370765074,Bracelet
6003278094599,Ice cream
6003116800826,Christian music
6003605717820,Anime movies
6003205949286,Youth
6003176282445,
6003059385128,Ecotourism
6003473371887,Laptop
6003129670317,Road
6003527958598,Romance (love)
6002867416222,Ethnic groups
6003311232399,Lifestyle (sociology)
6015012055186,Facebook for Every Phone
6003108826384,Music festivals
6003104445629,Rock and roll
6004675264764,Uber (company)
6003092882217,Trucks
6003043300715,Summer
6003327856180,
6003326336406,Cable television
6003490534631,Brain
6003384052032,Social group
6003434692170,
6003106813190,Hunting
6003304550260,Automotive industry
6003274262708,Fiction books
6003393938731,
6003124841258,Word
6003142860247,Vegetable
6003226755338,World music
6003209938872,Power (social and political)
6003232228485,High school
6003147437665,FC Barcelona
6003161350485,Paradise
6003567395118,Gadget
6003309820509,Reggae
6003031487607,Ship commissioning
6003116939014,Holiday
6003126215349,Comics
6005152232190,Samsung Galaxy
6003202447322,IPad
6003487236586,Data
6003232334885,Airport
6003146729229,Distilled beverage
6003311493199,Town
6002964038517,International
6003343520028,Wi-Fi
6003281049823,Jacket
6003106820190,Open-source software
6003348031541,Pro-Ject
6003317881341,Tool
6003133351739,Hindi
6003279717423,Geography
6003266266843,Fashion design
6002989257394,Lunch
6003528059395,Rock (geology)
6003535157273,Adventure film
6002990245194,Professional
6003423445340,Mobile device
6003377455004,London
6003481546864,Track and field
6003704710113,Real-time strategy
6003324427177,Space
6002951587955,Classical music
6003402532547,Cycling
6002868910910,Organic food
6003270522085,The Walt Disney Company
6003711607516,Metre
6002976437521,Payment
6003136385750,Nation
6003061708328,Supermarket
6003472562487,Plastic
6003147505126,Leadership
6003351956032,United States dollar
6003308361514,Mathematics
6004145239209,Spanish language
6003342589130,Natural environment
6003239791342,Academia
6003412999357,Virus
6002963678117,Massage
6003365065851,Easter
6003515142242,Movie theater
6003122704124,Dentistry
6003421719912,North America
6003110325672,Cristiano Ronaldo
6003316471791,Cognition
6003389754796,Comedian
6002925538921,Acting
6003290597769,Rice
6003472391176,App Store (iOS)
6003096002658,Graphic design
6003355520832,Egg (food)
6003307753494,Cancer awareness
6003149202149,Month
6002840040679,Music industry
6002970955594,Fantasy film
6003251221661,Good (economics)
6003531402198,Snack food
6003443512671,Tax
6003108404190,Real Madrid C.F.
6003258041942,Bread
6003482844986,Personal life
6003376937196,Airline
6003502020625,Anthropology
6003226517738,Organism
6003468086725,Dubai
6003211063124,Meal
6003286190202,Downloadable content
6003490831231,Saturday
6003172468561,Motivation
6003182920234,House (TV series)
6003218509498,Kiss
6003343997689,Home Appliances
6003111957392,Engine
6003176440445,Petroleum
6003237395810,Microsoft Windows
6003373838525,Globalization
6003352755432,Joke
6003050433416,Social networking service
6003037157929,Waterproofing
6003304560260,African-American music
6003012400881,Factory
6003118816922,Diamond
6003162296178,Sweetness
6004048615096,Luxury vehicle
6003695629090,Job
6003472413487,Farm
6003398511803,Bathing
6003901992266,Political freedom
6003510075864,Golf
6003198642601,Creativity
6003436196370,Island
6003042239115,President of the United States
6004042690789,Light-emitting diode
6003223513358,Solution
6003382383154,Euro
6003327272745,Sweater
6003423248519,Hair care
6003717991560,Sarcasm
6003104790578,Sense
6003648059946,Bodybuilding
6003285531511,French fries
6003629083995,Clinic
6003299640199,Infinity
6003023855850,Home (2009 film)
6003154043305,Performing arts
6003329518637,Truth
6003240742699,Seafood
6003371057540,Multinational corporation
6003178322166,Travel agency
6003388549418,Ice hockey
6002951487650,Weight loss (Fitness And wellness)
6009451534708,Candy Crush Saga
6003791981304,Day school
6003184610752,User (computing)
6004092484989,Odor
6003718107316,Korea
6003464630111,Spring (season)
6003473077165,Weight training
6003149474865,Festival
6003424136954,Web browser
6003206308286,Science fiction movies
6003428424540,Snow
6003531090263,Boxing
6003083357650,Manga
6002987148194,
6003415125551,Pharmacy
6003719177983,Printing
6002979499920,Fishing
6003213034178,
6003091232616,Latin pop
6003256380667,Mediterranean Sea
6003339134779,Steel
6002997865244,Human sexuality
6003109348433,Chemical substance
6003146200326,Hyperlink
6003717851560,Headphones
6002839147879,Seed
6003369521274,
6004043330548,Bedroom
6014659938226,Beyin
6003472575663,Chemistry
6003102530840,Handicraft
6003319931206,Season
6003166397215,Swimming
6003142694349,Matter
6003605617220,Studio
6003348662930,Camping
6003445266271,Live television
6003198788367,Bluetooth
6003313116980,Resort
6003673102262,Breaking news
6003234940285,Flight
6003509315531,Professor
6003269530527,Sunday
6002957368923,Belief
6003126383749,Single (music)
6003347115474,Industrial design
6003413138406,Very Important Person
6003096045858,
6003641846820,Veganism
6003481743064,Toyota
6003971117548,Lemon
6002932536373,Machine
6003345866074,Sociology
6003236350098,Orange (fruit)
6003041581773,South America
6003479860669,House music
6003153229058,Fun
6003780025252,Drawing
6003070550582,Pool (cue sports)
6003320057206,Addiction
6002985334920,Street
6003711009918,Air conditioning
6004131394706,Minute
6002966195446,Cookie
6003500299025,Wheel
6004025301989,Gemstone
6003325727945,Hamburger
6003137125700,Hoodie
6003105618835,Crafts
6003402319418,Wedding dress
6003175578350,Philippines
6003234103485,Bathroom
6003339140579,K-pop
6003697803783,Pop rock
6004046800696,TripAdvisor
6003246227167,Middle East
6003320931941,Disco
6003047962244,Peace
6003697330690,South Korea
6003713691560,Corporation
6002968386892,Tire
6003166733615,Man
6003257325686,Buffet
6003431193312,Sea
6003509767931,Argentina
6003326323180,Grandparent
6003290346256,Social class
6003427897919,Stress (biology)
6003420915231,Health club
6003111800835,Graphics Interchange Format
6003392101554,Lawyer
6003126358188,TV game shows
6003155333705,Vegetarianism
6002991799459,Partnership
6003717913546,Gamer
6003331700032,Economy
6003424576006,Hand
6003455291283,People's Liberation Army Navy
6003062447007,Lionel Messi
6006699626760,truecaller
6003324287371,Skiing
6003432917335,Institution
6003773449891,Refrigerator
6003352297632,Leaf
6003293721530,Mercedes-Benz
6003280181159,Japanese language
6003290644311,Hollywood
6003089364392,United Kingdom
6003441138025,Rain
6003647522546,Card games
6003165936034,Lion
6003478011165,ITunes Store
6003425148554,Iron
6003349752805,Banana
6003106487434,Source code
6003059339132,Musician
6003159021475,Lace
6003509171264,
6002893875879,Gender
6003469874764,Carnival
6003674257262,States of Brazil
6003093132817,Chevrolet
6003153940305,Laser
6003979578348,New York City
6003025016493,Russia
6003539594463,Innovation
6003540904386,Recreation
6003108220790,National Basketball Association
6003142705949,Computer processors
6002984573619,Surfing
6003118988445,Switzerland
6003375718196,Designer
6003395165135,Loan
6003197718872,Singapore
6003326186941,Malaysia
6003902444066,Funk
6003252882882,Symptom
6003389276196,Male
6003642141746,Faith
6003143776728,Mythology
6003209609415,Bikini
6003442924883,England
6003523612570,Temperature
6003210792176,Donald Trump
6003242691188,Park
6003257785488,BMW
6003540150873,Sports games
6002967370492,Silk
6003473842964,8 Ball Pool
6003044596915,
6003278772979,Vitis
6003075810185,Queen (band)
6002932283773,Heat
6003523300998,Goal
6003716202583,BBC
6003335384228,Glasses
6003291970911,Embroidery
6003656063078,Nursing
6003976361296,Cover version
6004037870609,Import
6002868254622,Abdomen
6003469834063,Driving
6003234413249,Home improvement
6003578431907,Soil
6003649920113,Stainless steel
6003273890908,U.S. state
6002979677320,Organ (anatomy)
6003380577877,UC Browser
6003059496932,Herb
6002991667568,
6003481531469,
6003258058088,Adventure game
6003331937771,Protein
6003412667391,Radio
6003376269196,Cheque
6003353178251,Personal message
6003439009080,Inch
6003655111478,Boredom
6003692907916,Fire
6003200641126,Christmas
6002984879819,Saudi Arabia
6003270849848,Patient
6003726877854,Trailer (promotion)
6003042182515,Make-up artist
6003118097814,Spirit
6003715234862,Egypt
6003107616035,Tooth
6003210728924,News broadcasting
6004055064548,Mattress
6003266168709,European Union
6003099527416,Excite
6003113514268,Heaven
6003089525070,
6003054664785,Cap (sport)
6003012404681,Bakery
6003198370967,Massively multiplayer online role-playing games
6002999212259,Radio (2003 film)
6003378810565,Bed
6003106439590,Excited state
6003716887262,Billboard Hot 100
6003220019055,
6002943340646,Sauce
6003445428280,Hinduism
6003329537779,Citizenship
6003176101552,Massively multiplayer online games
6003041643573,Forest
6003196950924,Honda
6003280772823,Punk rock
6003719975462,American rock
6003198354465,Backpack
6003746006353,People (magazine)
6003370208274,Cinema of India
6003395267871,BuzzFeed
6003467486537,Suit (clothing)
6003142193961,Rugby union
6003385621565,Academic degree
6003429321269,Mumbai
6003266586709,Pleasure
6002926675372,Scholarship
6002892294422,Art museum
6003154780305,Symbol
6003275719927,Pakistan
6003398522803,Comic book
6003101233034,Bone
6003180202133,Internet meme
6003719384062,Income
6004773319873,Amor (film)
6003712367146,Salt
6007585111964,Don-E
6003389734396,Evolution
6003096132258,Liquid
6003176348835,Record label
6003385611765,Huawei
6003493787494,IPod
6003211559976,Puberty
6003029978985,Korean language
6003325965709,Grilling
6003656307304,Cattle
6003708639146,Paint
6003402194039,Sandal
6003024627293,Lingerie
6003375351677,Atmosphere of Earth
6002998123892,Japanese cuisine
6003648201038,Professional wrestling
6003270568048,Expert
6003424404140,Marathons
6002896260510,Soap
6003191313105,XXL (magazine)
6003466817119,Swimsuit
6003132791339,Sandwich
6003419041839,California
6003451861671,Radio broadcasting
6003284616927,Social psychology
6003058652481,Stomach
6003257021709,New York
6003220112465,Pin (professional wrestling)
6002839050079,Potato
6004054723348,Son
6003398199727,Synthpop
1413021132323869,IPhone 6
6002992656594,
6003123489949,Tasty
6002934110162,Time (magazine)
6003012046619,Lens (optics)
6003270512102,President
6003030421007,Marvel Comics
6003306828599,Yahoo! News
6003376894381,Rapping
6003260155357,Crystal
6003115761792,Power (physics)
6003387138841,Film director
6003360272580,Verizon Wireless
6003497303225,Ethics
6003172448161,TV talkshows
6003358061395,Visual perception
6003319307848,EBay
6003453710072,USB
664130153728886,Skin care
6003298861011,Taxicab
6003235740388,Chile
6002990365459,Hacker (computer security)
6002986707768,Hair (film)
6002995710444,UEFA Champions League
6003899365666,Discounting
6003274944951,Metaphysics
6003350240127,Colombia
6003102729234,Italian cuisine
6004045863896,Developmental psychology
6003673812662,Hard rock
6003172273055,Sustainability
6003386351253,Lip
6003392776977,Digital data
6003374850325,Denim
6003136862950,Decorative arts
6003061254185,WWE
6003233286875,Cod
6003174283049,Miracle
6003229365388,Raffle
6003289808943,
6003429223857,Sleeve
6002969371568,Cupcake
6003165841322,Distribution (business)
6003394869731,
6002956863250,National Football League
6003052975444,United Arab Emirates
6003088431470,Salad
6003200410682,Perspiration
6003267439114,3D computer graphics
6003021658693,Catholic Church
6003447346053,Member states of NATO
6003445970680,Anatomy
6003122929658,Academy Awards
6003511879064,Vin Diesel
6003202738612,Legend
6003137808261,Lipstick
6002986104968,Mystery fiction
6003030312785,Indian Premier League
6003584269707,Physical therapy
6003028599807,Bride
6003346497541,Chic
6003246168013,Simulation games
6003406689405,Democratic Party (United States)
6003174240952,Portugal
6003304473660,SUVs
6005513373229,Snapchat
6003602594303,Nissan
613888752076538,Hu Ge
6003714873062,Master's degree
6003313450363,Brassiere
6003101445184,romantic comedies
6003121857934,Morning
6003324831006,Rechargeable battery
6003340141919,Rose
6003287195497,Hell
6003497325227,Hong Kong
6003102718234,Shorts
6003149526665,Fiber
6003397581535,River
6003302121228,Guitar
6003374717274,Thursday
6003703269583,Novel
6003401661796,Visa (document)
6003255335688,Waze
6003730072316,Cream (pharmaceutical)
6003058745932,Apple
6003714043353,Physical attractiveness
6003380970205,Software engineering
6003472043663,Weather
6003128232376,Strawberry
6003291573330,Boy
6003626772107,Customer service
6002931949762,Cocktail
6003736364491,Mania
6003397032483,Childhood
6003115804542,Desktop computers
6003135809808,Livestock
6003190695201,Ceramic
6003840137852,Astrology
6003649084438,Gourmet
6003135174808,Public company
6003203316686,Fever
6003169809749,Character (arts)
6003418569877,State (polity)
6003496274386,Million
6003108255633,Universal Studios
6003577151307,nbc today show
6002933117646,Speech
6003390486603,Ticket (admission)
6003143540247,Closed-circuit television
6003216268430,Audio mixing (recorded music)
6003119249658,Onion
6003280329043,Battery charger
6003113919700,Window
6009440347189,Amour (2012 film)
6003203829486,Kids (film)
6003315082714,Deity
6002998202573,Rainbow
6003198298967,Lightweight
6004139436106,New wave music
6003116226668,Web portal
6003421976057,Intelligence
6003195136898,Major League Baseball
6002933902373,Roman Empire
6003303922621,DVD
6003353143251,Flour
6003297442330,Fruit preserves
6003289497538,Pasta
6003490944765,Natural rubber
6003108268433,Quality of life
6003270072102,Monarchy
6003111066792,Ski
6003512053894,Snowboarding
6003392228954,Computer keyboard
6003243058188,Diners
6003221485467,E-commerce
6003450445242,Cartoon
6003120646134,Coconut
6003526234370,Online advertising
6003144341584,Volkswagen
6005094588412,
6003396513823,Genre
6003207177086,Organic compound
6003146077426,The Fast and the Furious
6003380576181,Role-playing games
6003385232005,Mouth
6003106348635,Lebanon
6003393828163,
6003162931434,College football
6003699184313,Extended essay
6003006885619,Digital media
6003397432935,Audi
6003543366227,Necklace
6003241936675,Foot
6003655477278,Municipality
6003126148139,Taiwan
6003351312828,Musical theatre
6003581959473,Comedy-drama
6003120721217,Auction
6003574273118,Neymar
6003323322443,Bean
6003442346642,Football
6003653766438,Human eye
6003067583093,Soap opera
6003162345778,Mini
6003097326332,Shampoo
6003269067099,Point and click
6003496889025,Competition
6003282028041,Tumblr
6003493479631,Sports club
6003030144055,Ear
6003396635837,KFC
6003065814670,Publishing
6003402722239,CNN
6003322051738,Dish (food)
6002972639121,Loudspeaker
6003402855039,Oil
6003714080553,Theology
6003667359704,Ford Motor Company
6003159582134,Eyebrow
6003169719685,Sand
6002951379317,Mineral
6003106968233,Beef
6002999401092,Door
6002943230446,Positive psychology
6003260652542,Sexual attraction
6002964263329,MTV
6003288112051,Boyfriend
6003737056353,Western Europe
6003288269743,Audience
6003263238393,Food Network
6003252484486,Aluminium
6003220643158,Manchester United F.C.
6003030200185,Programming language
6003132944214,Gel
6003245694249,Delaware's at-large congressional district
6003158660615,Vine
6002984551320,Acid
6003142100447,Pastry
6003395486343,Vietnam
6003714246353,Filmmaking
6003249811486,Departments of Burkina Faso
6003229493388,Hope
6003423585540,Oven
6002985449320,Superhero
6003135449040,Personal care
6003717247746,Sculpture
6003257632086,Microsoft
6003011564597,Author
6002910116972,Crime film
6003158198275,Mobile game
6004112003989,Pigment
6003197177326,Yes (band)
6003149907149,Israel
6003145957236,Steak
6003182816166,Barack Obama
6004878261361,Digital distribution
6002961994646,Portuguese language
6003420573231,Authority
6003116038942,Computer monitors
6003751930608,picsart photo studio
6003199800465,Popular culture
6003150335245,Profit (accounting)
6003299001101,Women's rights
6003344138028,Gift card
6003839322452,Buddhism
6003141785766,Mortgage loans
6003102839317,Ink
6003155038105,Peru
6003253526111,SoundCloud
6003098643915,Morocco
6002887717822,Troll
6003174867249,Financial services
6003375269441,Lighting
6003108411433,Rabbits
6003207521430,Couch
6003207265286,Tokyo
6003902087066,Emoji
6003116231268,Consultant
6003164297958,Istanbul
6003969213096,Computer programming
6003717078560,
6003236109649,
6003253072911,Digital camera
6003339458179,Jordan
6003174972414,Internal combustion engine
6003198836601,Alternative medicine
6003189507750,Save (baseball)
6002967150692,Coach (sport)
6003151951349,Computer servers
6003048378985,Los Angeles
6003252229111,Soup
6003385141743,Racing games
6003343542656,Wallet
6003159887958,Dragon
6004144358409,Pub
6003361984200,First baseman
6004206444789,Cereal
6003234436767,Capital city
6003291570251,Coin
6008342038661,Vine (service)
6003428693340,Castle
6003540753986,Girlfriend
6004443725572,Kawaii
6003154704584,Ocean
6002923510121,Fictional film
6002967020846,New Year's Day
6003485071480,Sony
6003451498071,Human voice
6003680743490,Human body
6003736476953,Safety
6002956844323,Bee
6003605762620,Epic film
6003148275045,Pound (mass)
6003240620810,Short story
6003199871665,Popular music
6003979695548,Cash
6003293328579,Living room
6003253278111,Warehouse
6003325725288,Mango
6003092330156,Mountain biking
6003342679656,Republican Party (United States)
6003283449854,Fandom
6002934241659,Dog breed
6004122851389,Pig
6003273248243,Latin
6003112839826,Wisdom
6003263293793,Ecology
6003179686750,Wind
6003472561087,Tomato
6003341936945,MP3
6003143689026,Winter
6003709468383,Clock
6003291551711,Quiz
6004108670409,Ship
6002966340368,Humanities
6003313500180,Butter
6003195961868,Neighbourhood
6003328793606,Metabolism
6003434636451,Reggaeton
6003319357759,Chelsea F.C.
6003398332083,Contract
6002997573982,Horoscope
6003284076256,Tank
6003420024431,French cuisine
6003264746114,Debit card
6003215675545,Texas
6003174913249,Consumer
6003445201083,Walmart
6003389297871,Market (place)
6003308555580,Icon
6003395917803,Mother's Day
6003484205469,Carpet
6003042998915,Museum
6007711860133,
6002951225774,Workweek and weekend
6003306191253,Premier League
6003178296815,Presenter
6003523320570,Continent
6003230358588,Political party
6003169943361,Miami
6003268938000,Atmosphere
6003288077551,Universal Music Group
6003218188776,Brazil national football team
6003398059387,Hug
6003717871360,Rio de Janeiro
6003180839533,Florida
6003042996515,Zipper
6003466585319,Online banking
6003227936099,Yahoo!
6003283769854,Fresh water
6003049224044,
6004110377224,Supernatural
6003445990480,Consciousness
6003490937165,Harry Potter
6003645198116,The Sims
6003372820995,PayPal
6002977089859,Fasting
6003125622382,Man (Middle-earth)
6003141133561,Don (honorific)
6003375770477,
6002898176962,Artificial intelligence
6003088999470,Cheering
6003382815363,Taxonomy (biology)
6003188101001,Neck
6003287187711,Lenovo
6005610151815,Samsung Galaxy S III
6003136349840,Operating system
6003159202675,Toilet
6003240158210,Logic
6003327695448,Peso
6003443838931,Mama (2013 film)
6003443805131,Real Madrid Baloncesto
6003413243781,Diabetes mellitus awareness
6003179640150,Urban area
6003433887943,Telenovela
6003719417262,Perception
6003138746139,Invoice
6003473404287,Americas
6003227894499,Barcelona
6004037107009,Boats
6003143763128,Passport
6003232036485,Credit (finance)
6003030602207,International Women's Day
6003184482902,Olive oil
6003198322265,Pepsi
6003512587694,Record chart
6003091763017,Gram
6003902490266,Wet season
6004037894009,Global Positioning System
6003345669874,Security
6003501724231,Real estate broker
6003338108889,Warner Bros.
6003117938668,Pre-order
6003478942057,Leggings
6003445262919,National Football League on television
6003119467458,Turbocharger
6003471508663,Shooter games
6003396751777,Voucher
6003198802865,Film producer
6003274874610,Season (sports)
6003194336065,Monkey
6003226516138,Rum
6003585235438,Weapon
6003123100858,Engineer
6003294064851,Wireless
6003593591887,Democracy
6003484127669,Casino
6003236462049,Eternity
6003374311125,Sushi
6003050186616,Deposit account
6003291295743,Sock
6003237213010,Invention
6003121984934,Computing
6003255228369,Zodiac
6002868278822,Chili pepper
6003145128952,Destiny
6003193633966,Ring (jewellery)
6003345796076,Microsoft Word
6003206382686,family  planning
6003733581504,Bangkok
6003050377616,Walt Disney Pictures
6002955242155,1080p
6003271038593,Strategy video game
6003127905724,Syria
6003147121328,Magic (illusion)
6003493205765,Federal government of the United States
6003175194449,FIFA World Cup
6003195838455,Justice
6003247462099,Television station
6003114359100,Farmer
6003030687807,Manual transmission
6003152894305,Fox
6003110979645,Earring
6003141713226,Elephant
6003289081451,Future
6003087486444,Sheep
6003197184767,Vodafone
6003075937185,Butterfly
6003402692547,DOS
6003257267301,F.C. Porto
6003106632034,Horror fiction
6003233117498,Intel
6003339423379,Beauty and the Beast (1991 film)
6003541771042,Cell (biology)
6003281707010,Red Bull
6003378873765,Hardcore punk
6003182172884,Mass
6003901787666,Digital television
6010963648309,Minions (film)
6003365661451,Bazaar
6003268381336,Music recording sales certification
6003451027786,Pixel
6003133762008,Pearl
6003243959401,Graduation
6003190733601,Obesity awareness
6003048790156,Sari
6003242238524,Top (clothing)
6003227064538,Southeast Asia
6002986451123,County (United States)
6003376088977,
6002971652194,Noodle
6003392421977,OMG (song)
6003401495747,Videotelephony
6003253641688,Twin
6003188537201,Risk
6003421934889,Franchising
6002969730994,Calorie
6003086790615,Middle Ages
6003225914249,Hip
6003346995957,Adhesive
6003326194341,Communist Party USA
6002984725019,Hijab
6002976730121,Irony
6003417781439,Tequila
6003418227431,Fuel
6003136156150,Zombie
6003116403826,Port
6003401159964,Galaxy
6003243657142,Computer security
6003773483237,Tabloid (newspaper format)
6003394243531,Maize
6003315103314,Night
6003500146427,
6003161203633,
6003280175843,Herbalism
6003111483235,Workshop
6003647000838,Personal trainer
6003174128015,Grocery store
6003346725381,
6003101110997,Independent film
6003223643876,Rapid transit
6003320856694,Editing
6003310902108,Try
6003270678393,Ownership
6003976363896,Computer data storage
6003701101183,Diploma
6003431352069,Villa
6003110688645,MasterCard
6003656248904,Train
6002933846973,Pillow
6003159393934,Judge
6003415019460,Gastronomy
6003237331810,Wax
6003484601998,Shakira
6003946464666,Network (film)
6003273904571,Stand-up comedy
6002894507479,Laboratory
6003102614434,Toe
6003121371534,Jimmy Page
6003030029655,Chinese cuisine
6003395826177,Bass guitar
6015755959702,Fast & Furious (2009 film)
6003144466384,Lady Gaga
6003068853982,Musical instrument
6003236917075,H&M
6003227872499,Wrestling
6003761051678,Collagen
6003210799924,Romance novels
6003397042735,Interpersonal relationship
6003354444043,Flipkart
6003372667195,Fast food restaurants
6003254097682,Playground
6003100893640,Soldier
6003169816561,Futsal
6003389316271,Circus
6003226631485,Netherlands
6002985859168,
6003398347489,Visa Inc.
6003285403725,Educational technology
6003336556256,Dance-pop
6003319858536,United States Army
6002947930974,Canvas
6003369251402,Nutella
6003397640947,
6003448899186,Gasoline
6003309319853,Keyboard instrument
6003287282400,Arab world
6003773683878,Inflammation
6003397602147,Theory
6003336394448,Region
6003060357556,Outer space
6003715378746,Rihanna
6003347246474,Karaoke
6003258544357,Health & wellness
6003508189464,Eyelash
6003198303952,Optics
6003434451039,Heel (shoe)
6012069536245,tinder
6003111588035,Time Warner
6003181649552,Pink (singer)
6003645803020,Como
6003288181951,Computer file
6002990070723,Chicken (food)
6003345504221,Adobe Flash
6003124005549,Academy
6004282889266,Black (2005 film)
6003716580862,Shrimp
6003143154566,Dwayne Johnson
6003103779434,Electric car
6004107864209,Haute couture
6003320058418,Las Vegas
6003111310445,FC Barcelona Handbol
6003101269301,Gray wolf
6003712761753,Starbucks
6003392691331,
6003346088248,Face (professional wrestling)
6003389626671,Fad
6003099460216,Climate
6003259137867,Rome
6003309339653,Duck
6003243582567,National Geographic Channel
6003980199948,Bacteria
6003432760175,Tile
6003194466634,Test (assessment)
6003326098406,Ice
6004144253409,Diaper
6003737887104,Breastfeeding
6003266719443,Friends
6003655135020,Washing machine
6003142482861,Silent film
6003157909075,Cars (film)
6009731802624,PlayStation 4
6003511765664,Vodka
6003070982597,Grass
6003159209475,Computing platform
6003392512725,Energy drinks
6003656330504,20th Century Fox
6003285132911,Egg
6015508302841,Value-added tax
6003155198634,Bachelor's degree
6003748928462,Personal development
6003279451780,Chanel
6003435503331,Currency
6003138589139,Accounting
6003352962957,Hat
6003102594040,British rock
6003376733802,Botany
6002959150120,Scar
6003155409305,Electronic dance music
6003246897567,Mirror
6003460397503,Privacy
6003377779460,Spring (hydrology)
6003220329558,Library
6003293965251,Quebec
6003318738018,Colored gold
6003988602106,Manicure
6003154066105,Satire
6003198823767,Sweden
6002955443050,Chairman
6003381045377,Automatic transmission
6003121077322,Caribbean
6003334734097,Witchcraft
6003293626130,Journalist
6003111546435,Undergarment
6014497201104,Caridea
6002969480492,Bear
6003348680381,Garlic
6003703015491,Pacific Ocean
6003221610867,Supporters of FC Barcelona
6003545471303,Sportswear (activewear)
6003377448196,Recording studio
6003330679432,Fly
6003291084143,State school
6003012600081,Bestseller
6003233470261,Dreams (1990 film)
6003339778593,Candle
6003332991545,Narendra Modi
6003124811349,Monster
6003341612987,Individual
6003541322280,Prophet
6003342709787,Limited liability company
6003194056672,Fine art
6003184482284,Vanilla
6003582500438,Strategy games
6003384841565,Concrete
6003143446668,Nobility
6003430693469,Lyrics
6003242910699,Waterfall
6003358281200,Natural gas
6003252231836,Airbnb
6003583831273,South Asia
6003446278080,Mare
6003579275918,Bacon
6003719026713,Nut (fruit)
6003785005478,Snake
6003653054113,Hit record
6003316211163,Pizza Hut
6003089469992,Non-governmental organization
6003004329092,Nutrient
6003116224858,Infection
6003222044676,Charitable organization
6002896611310,The arts
6003221234467,Mexico City
6003192584967,Export
6003397760241,Coat (clothing)
6003243462342,Private school
6003450511786,Fox Broadcasting Company
6003075824815,Greece
6003287461400,Jeep
6002963504517,Arte
6003361478000,Dye
6003108362033,Wire transfer
6003414321689,Sensor
6006763751502,criminal case
6003672256662,FC Barcelona Rugby
6003221185267,Pottery
6003056710444,Nonprofit organization
6003170901161,Sunscreen
6003535061073,Species
6002920671555,Electronica
6003108259190,Seoul
6003305660260,Goat
6003332261828,Alcohol
6005216285654,Mega (Chilean television channel)
6003021121129,Harmony
6003223938647,Capital (economics)
6003136364550,Romanticism
6003523733442,County seat
6003175214014,Allergy
6002967519574,Frying
6003155349105,High-definition television
6004042831789,Olfaction
6003330116999,FC Barcelona C
6002912211710,Digital subchannel
6003273836708,Franco De Vita
6003308776853,Fee
6003142972761,Feather
6003142329161,Sewing
6003208054847,Pancake
6002900697910,Immigration
6003198870201,South Africa
6003110158472,Display resolution
6003004027892,Funny Videos
6003446491731,Sequence
6003349313805,Convenience store
6003454444103,roots
6002933925173,Progressive rock
6003108391633,Types of business entity
6003293813028,Tempo
6002923615921,Pie
6003102688634,Knitting
6002957291250,All-news radio
6003446608680,MAC Cosmetics
6003291074802,Voluntary association
6003283801502,Thai cuisine
6003122583524,
6003513578537,Beat (music)
6003025566093,Pickup truck
6003219000085,Call centre
6003251532661,Play (telecommunications)
6003106276829,Preschool
6003111807440,Gastropod shell
6003468780719,Tamil language
6003232863885,Tiger
6003137105590,Volunteering
6003734220353,Formula One
6004054986748,Glamour (presentation)
6003448875386,Pressure
6003303044799,Remix
6003382102565,Healthy diet
6003247127613,Ballet
6003278088199,Political philosophy
6003487946631,Bella (film)
6003397243535,Wool
6003200340482,Middle Eastern cuisine
6002985641123,Tissue (biology)
6003204875612,New Zealand
6003383075804,"Sale, Greater Manchester"
6004842060768,IPhone 5
6003292012138,
6003393564563,Artisan
6003201043978,Architect
6004160526895,Stroke Awareness
6002929003973,Temple
6003030811407,Grey
6003276403610,What If (comics)
6003278637610,Indie pop
6003107515429,Code
6003093651293,Mini (marque)
6011835987633,Clean Master
6003290182925,Folk music
6003110460645,Mixed martial arts
6003064535670,Mask
6003244121001,Doughnut
6004947688373,Smartwatch
6003224062672,Taco
6002950124574,Term of endearment
6003024214956,Profession
6003733160753,Daughter
6003693537583,Real property
6003102858978,Silicone
6003287531876,Kindergarten
6003051822645,Coaching
6002927951459,Robot
6003445225483,Primary school
6003160002408,Team sport
6003280695643,Qatar
6004139401706,Superstar
6003297981875,Chief executive officer
6003066202070,La Liga
6003183742812,Sanskrit
6003114849468,General officer
6003584725838,Acre
6002969123368,Poet
6003391476003,Folklore
6003377998144,Imagination
6014662392245,My Talking Tom
6003315663791,LGBT community
6003331478694,Wildlife
6003390954344,J. K. Rowling
6003377378804,Spain national under-21 football team
6003247404867,Ageing
6003227124899,Bangladesh
6003315592991,Limited company
6003720444062,Star Wars
6003146899190,Specialty (medicine)
6003679977307,Value (personal and cultural)
6002985278723,ITunes
6003204411326,IPod Touch
6003258965702,Buenos Aires
6003025911093,DirecTV
6003182861722,Pay television
6003287341856,Paul Walker
6003344996239,Central Europe
6002964239317,Mexican cuisine
6003539067673,Luck
6003481765669,Essential oil
6002998003644,Video hosting service
6003315633191,Lead
6003605456820,The Simpsons
6019962101463,Condominio
6003703032091,The Jacka
6003081890715,Knot (unit)
6003142218961,Recycling
6003110209472,J-pop
6003268171536,RCD Espanyol
6003133189139,Monday
6003401788347,Oppo Electronics
6003160584208,Judaism
6003468776474,Zara (retailer)
6003398056603,Fast casual restaurants
6003584848038,War film
6003293938428,Arrangement
6003531058863,Logistics
6005173031630,Yogurt
6003944875560,China Central Television
6002884511422,Small business
6003326768054,
6002986710368,
6002921098355,Internet access
6003048901881,Die (musician)
6003901825066,Eastern Time Zone
6003377031074,Harry Potter (film series)
6003583283907,4G
6003174897414,Atlantic Ocean
6003146688552,Platform game
6003343485089,Korean cuisine
6003206992086,Customer relationship management
6003357436441,Oreo
6003227608499,Natural product
6003147733845,H.E.A.R.
6003108711435,Pineapple
6003382822804,Hero (2002 film)
6003420121712,Peach
6002973933974,
6003584356438,Copper
6003146013026,Chemical compound
6003260285957,Linen
6003225581249,Coast
6004100125009,Jakarta
6003650017890,Linguistics
6003144257790,Blue (English band)
6003092532417,CrossFit
6004037932209,Ancient Greece
6003181606012,Telephone number
6003387677993,Discovery (observation)
6003242854988,Nike Air Max
6003209452861,Natural resource
6003387633593,Drums
6002933324059,Sony Pictures Entertainment
6003398379883,Audio mastering
6003030519207,Online poker
6003247855467,Variety show
6003217125976,Deer
6002923726321,Zoo
6003049061216,Toxicity
6003422719241,Charity and causes
6003126253149,Lottery
6003091616270,Bookselling
6003225780498,Indie rock
6003091749870,Orlando Magic
6003161577378,Groupon
6003741691691,Microphone
6003374774074,East Asia
6003438557775,Wednesday
6003902003266,Tin
6005868829653,Confession (religion)
6003349071605,Wedding photography
6003133666414,Infrastructure
6003358555604,Pop punk
6003341931023,Adobe Photoshop
6003320774694,Cairo
6003479596869,Prophecy
6003429972457,Cinematography
6003243777367,Bag
6003284404179,Car dealership
6003341627396,Child care
6002911345572,Techno
6003366145856,Point of sale
6003202161613,Cuteness
6003191380834,Table (furniture)
6003108502590,Yarn
6003101243629,Brewery
6003187395255,Translation
6003020654329,Campus
6003341011996,Natural selection
6003077210339,Delhi
6003865907678,NASA
6003372994395,Money back guarantee
6004122070506,Western Asia
6003268939800,Multimedia
6003338252793,Bali
6004160557624,The Huffington Post
6003257905288,Milan
6003266227936,Spoon
6003227955899,Pastor
6002957048650,Tropics
6003459574503,Tuesday
6003181377133,Diesel engine
6003159354834,Vibraphone
6003629266583,Hard drives
6003450273042,Mug
6003204407213,Microsoft Outlook
6003323686979,Iraq
6003116122868,Bubblegum pop
6003359647004,Virtual community
6003469728603,Gin
6003006730219,Secretary
6002999519892,Church (building)
6003280845623,Digestion
6003434658370,Toddler
6003590261118,Indian people
6003388041512,Theft
6003291432579,Saint
6003359430621,Sky
6002966337046,Human rights
6003360238260,Officer (armed forces)
6003185054865,Computer hardware
6003186198305,Terrestrial television
6003165411122,Gucci
6002943212646,Songwriter
6003301621702,Easy (store)
6003082391797,Pound sterling
6003306700714,
6003136697700,Writer
6003488503154,Motor vehicle
6004143794106,Performance
6003470299547,Liver
6003135803208,Venezuela
6003456044303,Mining
6004141193506,Belgium
6002868228822,Kim Kardashian
6003337294048,Sydney
6003139222261,Sports journalism
6003280781243,Fighting game
6003432788970,Self-esteem
6002969559974,Astrological sign
6003267199558,Head
6003293644779,Violence prevention
6003030638607,Virat Kohli
6003030695407,Spain national football team
6003089639015,Biscuit
6003310538145,Autumn
6003944772960,Emoticon
6003343474719,Suicide awareness
6003326154741,Plug-in (computing)
6003384110253,Boys (2003 film)
6003320508341,North Africa
6003252733909,Patience
6003464326203,High-heeled footwear
6003308777053,Elevator
6003374530525,Skateboarding
6003335221357,Woodworking
6003219233758,Army
6003779859852,Horseback riding
6003746223504,Marble
6002932590846,PSG - Paris Saint-Germain
6003059617332,Sephora
6003663766238,The Game (rapper)
6003283544000,Doll
6011625004396,9GAG
6003166714830,Kia Motors
6003064617670,Arsenal F.C.
6002911030679,Mary (mother of Jesus)
6003280152959,Moisturizer
6003470278964,Gymnastics
6003020622093,Taylor Swift
6003478964287,Nationalism
6003714025153,Shower
6003109331584,Biographical film
6003150697578,Divorce
6003279046276,Saga
6003668617718,Devil
6003270762048,Gautama Buddha
6003150082734,Quartz
6003331794097,Olympic Games
6003103160233,Subsidiary
6003194678813,Glitter
6003116014058,Computer graphics
6003158186275,Hewlett-Packard
6002950356174,Defender (association football)
6003101071901,Revenue
6003137183750,Contemporary Christian music
6003700670691,Cargo
6003655558678,Rugby league
6003227021938,Black pepper
6003110533472,Green tea
6002984322723,Video on demand
6003139699939,Billionaire
6003179454214,Telugu language
6003354094437,Chair
6003413438889,Horse trainer
6003647130620,Electric motor
6003147866926,BlackBerry Messenger
6003062618007,Cosmetology
6003280382010,Polyvinyl chloride
6003529536463,Foodie
6002969062568,
6003702723513,Giant panda
6003044616045,Swing music
6003306832308,Platinum
6003019636892,Voice over IP
6003331735237,Boy band
6003353637860,Life insurance
6003263819514,Queens
6003252444488,Pencil
872063779499014,Wallpaper (computing)
6003595372873,Balloon
6003254229016,Penalty shoot-out (association football)
6003450198842,Canal+
6003537560073,Scientist
6003132804217,Value (economics)
6003454920344,Viral marketing
6003196423072,PlayStation
6002992042520,Heel (professional wrestling)
6003264997914,Multi-core processor
6003160920578,Samsung Electronics
6003257869482,Used car
6007981639748,Water park
6003387449393,Public transport
6003351500119,Election
6003377011781,Legal personality
6003150986465,Disc jockey
6003175017434,Golden Globe Award
6003081275501,Pulse
6003587074473,Investor
6003497761880,CCTV News
6003061674607,Ancient Egypt
6003089744416,Sampling (music)
6003588433673,Turkish language
6003103948517,Office
6003071554093,Piano
6003341040796,Puppy
6002866944422,Barbie
6003305361460,TV comedies
6003069925782,Microsoft Excel
6020340681088,Pilot (aeronautics)
6003232841847,America (band)
6003192158326,Force
6003031817185,NBCUniversal
6003329468777,Blue-eyed soul
6003495738986,Goddess
6004000467506,Strategy
6003441215825,Bleach
6003397270041,Sedan (automobile)
6003201636213,Field hockey
6003114427300,Mushroom
6003117020614,Fairy tale
6009938882662,Cabinetry
6003026218493,Gratis
6003279133580,Grape
6003125893549,Recruitment
6003286955541,Veterinary medicine
6003161093178,Porsche
6003199856482,
6003427723137,IKEA
6003122958658,Boating
6003156587608,Internet forum
6003737289291,African Union
6003846108052,Gas
6003461032825,Russian language
6003339478656,Bamboo
6003143072447,Navy blue
6003856227360,
6003129755117,Passion (emotion)
6003407609277,Holi
6002999936173,Traditional pop music
6002984310523,Braid
6003529866663,Performance art
6019798544114,Candy Crush Soda Saga
6002867987022,Court
6003495982231,Batman
6003393845418,Problem solving
6003430477857,Viacom
6003305801799,In-N-Out Burger
6003192609567,San Francisco
6003401828547,Room
6002972714194,Professional wrestling attacks
6002975177459,Caramel
6003472094947,S.L. Benfica
6003095982582,Liverpool F.C.
6003073724597,Indian pop
6003050561016,Revolution
6016212281678,
6003324056771,Skype
6003456879344,Lamborghini
6002987453168,Indonesian language
6003312172411,"1,000,000,000"
6002954667155,Feedback
6003348480381,Unisex
6003386777418,Top 40
6003224721049,Tamil cinema
6008178533099,Boy (duo)
6003428032137,Filling station
6003058819532,The New York Times
6003127206524,Digital marketing
6002996711644,Egyptians
6003232948085,Premiere
6014700397387,Booking.com
6003243482813,Knife
6002964033529,Groom
6003686331689,One Direction
6003347134405,Wallpaper
6003676923318,Mr. Bean
6003472596663,Culinary art
6002839987079,Chain store
6003276975799,
6003221970476,FC Bayern Munich
6002934373059,Welfare
6003701470890,Health (magazine)
6003494675627,Indian cuisine
6003292652611,Bistro
6003066211407,Natural science
6003512642442,Chinese New Year
6003195122098,Akon
6003355000551,Shark
6003448809386,Atlanta
6003108042384,Eye liner
6003604697020,Central America
6002934247259,Salman Khan
6003134676700,Graduate school
6003322191509,Genetics
6002971649794,David
6003349530005,Hormone
6011024015559,Subway Surfers
6003287974527,Confectionery
6003353416930,Beard
6003007483219,Lima
6003182305905,ESPN
6003141746826,Copyright
6003384273002,Flood
6003290046667,Indo pop
6002909517372,
6003280815823,India News
6003358102256,The Walking Dead (TV series)
6003391341144,Burger King
6003358268987,Selena Gomez
6003775707878,Tag (metadata)
6002919200622,Belt (clothing)
6003144091766,Eurasia
6003666744518,Ayurveda
6003247049067,Desert
6002950107774,Chinese language
6003228164299,Dining room
6003061617128,Pork
6003654219678,Geek
6003142554261,Ninja
6003377732777,Caffeine
6003030527607,Grammy Award
6003713059746,Integumentary system
6003137295750,Prophets and messengers in Islam
6003207739338,Motown
6003398306603,Almond
6003348666832,Illustration
6002980219720,Will Smith
6003248076467,Reseller
6002941442846,Emma Watson
6003012073397,National Geographic Society
6003125138549,Strike action
6003175008902,Pen
6003108537990,Lakh
6003145047166,Departments of France
6003322720909,Soybean
6003270522248,Sleeveless shirt
6003456891144,Urdu
6003080902197,Robbery
6003287318856,HBO
6003508479464,History (European TV channel)
6003552041427,Vogue (magazine)
6003227928685,United Nations
6004025343189,Storey
6003371546140,Ultras
6003152034633,Dust
6003649977713,Economic development
6003243098299,Christ
6003649000038,Nokia
6003537714970,Garage (residential)
6003328648497,Wardrobe stylist
6003409361877,Cherry
6003395795271,Grand Prix of Portland
6003385545254,Healing
6003137345590,Landline
6003330312373,Puma SE
6003371145740,Blues rock
6002949307755,Neuroscience
6003115633342,Deodorant
6003695354546,Jennifer Lopez
6003088035982,Ambassador
6003241606811,Antivirus software
6003374188154,Brush
6003266240886,Household
6003241680811,Interest rate
6003150224265,Girl group
6003214722324,Liquidation
6003716731307,Roasting
6002982899521,Extreme (band)
6003424488740,Password
6003779913652,Real-time computing
6003225866145,American folk music
6003299793901,Elle (magazine)
6003206483286,Milkshake
6003334603656,Wall
6003198710665,GSM
778186118945836,Shah Rukh Khan
6003397361289,Voice acting
6003253142511,Action-adventure game
6002968797092,Sausage
6003071019997,Wing tip
6003395805471,Virtual channel
6003143482647,Vans
6004177852295,Velvet
6003516131570,International law
6004177298095,Manchester City F.C.
6003872300160,Politician
6003074586139,
6003204485047,Panties
6003174235455,Drinking water
6003650530490,Image scanner
6003178604333,Mail
6003840055852,Sports car
6003335603557,Logo
6003216710166,
6003175455302,Train station
6003183584612,American pop
6003020487692,Incorporation (business)
6003067726207,Goalkeeper (association football)
6003779604452,Gown
6003422455140,Ultraviolet
6003669957062,Megafauna
6003350516993,Bridge
6003061600182,Smooth jazz
6003381779965,Bedding
6003445996280,Promotional recording
6003486664986,Closet
6003484044598,NBC
6003695262090,Software release life cycle
6002867947310,Puerto Rico
6003102952640,Budget
6003209811672,Hygiene
6003109822672,Rural area
6003339203196,Dentist
6003199934738,coca cola company
6004040457520,Future (rapper)
6003388283112,Traditional medicine
6003631726487,Everything (band)
6002990726459,Minister (Christianity)
6003244553899,Arena
6002933149962,Salary
6004176116295,Length
6003253112311,Argentina national football team
6004080791096,Medina
6009200312620,Airplane
6003111535035,Turner Broadcasting System
6003446055283,Scooters
6002992423594,Sailing
6003152867734,Stars (Canadian band)
6003052041645,Pajamas
6003234819047,Joint
6003385793054,Kuwait
6003707809516,Thai baht
6003351473119,Bullying awareness
6003162576034,Crab
6003502956825,Mars
6003300483999,Anti-lock braking system
6003146332549,Skull
6003326401136,John Cena
6003202765412,Integrated circuit
6003237046675,Slot machine
6005211539236,Serum (blood)
6003106445778,World War II
6003398440803,Al Jazeera
6002994341373,Public university
6003255567688,Cocoa bean
6003347800581,Foreign exchange market
6003021624293,HVAC
6002992069973,Sports equipment
6003487130431,Bartender
6003077865829,White House
6003382257137,Manila
6003234685367,Body piercing
6003372909395,Undergraduate education
6003717232862,Poker
6003395797326,Electro (music)
6003383214804,Panda (band)
6003102988840,Latin American cuisine
6003276829571,Amazing Stories
6003183538612,Homosexuality
6003069426715,Piracy
6003242909613,Madrid
6003311667545,Hadith
6003534983673,Suzuki
6003135347608,Eminem
6003313877959,Winter sport
6002929075573,Ghost
6003182585733,
6006393994990,Trivago
6003412957757,Nature (journal)
6017955072744,Epic (2013 film)
6003286681876,Mahendra Singh Dhoni
6003337833654,
6003968839496,Genius
6003138481868,Multiplayer online battle arena
6002948189174,Fairy
6003133380817,Option (finance)
6009056796453,Xbox (console)
6003372552195,Mayor
6003397821683,Maharashtra
6003247021566,Diary (novel)
6002969885729,Engagement ring
6003227537976,Boss (video gaming)
6003970975896,Environmentalism
6003064045328,Eventi
6003536884842,Click (2006 film)
6004170258824,Asus
6003445401680,Prom
6003462704144,Hyundai
6002969639194,Vocational education
6003480342464,Poland
6003361541200,Pine
6003144905436,Carnivora
6003091701658,Landscape
6003349988151,Barber
6003126330749,Bead
6003839664452,Algeria
6003199938126,Teen pop
6003715659946,Research and development
6003007376520,
6007373574508,Farm Heroes Saga
6003161043833,Geology
6003020572529,Slim-fit pants
6003030337655,Sarah
6003244503482,Jason Statham
6003342470823,Board games
6003299394501,Carrefour
6003030841807,Tunisia
6003668649918,Power pop
6003180994133,Flying ace
6003288008727,3G
6003190690001,MercadoLibre.com
6003247885013,Flashlight
6003133060928,Crochet
6003240910010,Pandora Radio
6003057467444,Bob Marley
6003434373937,Browser games
6003195833298,Dragon Ball
6003450556842,Mermaid
6003479783398,Chicago
6003175129849,Halal
6003528255198,Indian National Congress
6003529934970,
6003089141597,
6003146152726,Jerusalem
6002949587974,Down payment
6003190279724,Aircraft
6002982302923,Eagle
6003331942832,Psychotherapy
6003196691872,Department store
6003291052441,Brooklyn
6003656287504,Raw material
6002976004859,Media (communication)
6003395986947,Karma
6003290660538,Curiosity
6003417388239,Kilogram
6004039358948,Helmet
6003460286303,Envy
6010348042684,Frozen (2013 film)
6003473921364,Solidarity
6003227601299,Public broadcasting
6006191181069,Free transfer (association football)
6003104138470,Chiffon (fabric)
6011729789857,
6003727880360,Human nose
6003133282700,Costume
6003156582884,BBC News
6003445328283,Nigeria
6003407338335,Ginger
6003379847623,Punch (combat)
6003440661737,Diary
6003279452380,United States Senate
6003366801335,Cube
6003338739793,Single person
6009569343066,Dimension (mathematics and physics)
6003543765947,Trademark
6003132936928,Hertz
6003770178104,
6003346311730,Vietnamese cuisine
6002840807079,Smart TV
6003436464170,Headlamp
6002964587929,Psychiatry
6003164144030,Birth
6003552060263,Coupon (bond)
6011641699437,Paytm
6003172043161,Weight
6003262467902,Brewing
6003204462213,Pocket
6003605762820,Baroque pop
6003228608576,BBC News (TV channel)
6003245429742,Fur
6003288101851,Denmark
6003108729388,The Weather Channel
6003357146402,Deepika Padukone
6004176206495,Pediatrics
6003125839188,Sauna
6003287991327,Santos FC
6003597195073,Four-wheel drive
6003388065271,Everything
6002839936079,Stadium
6003162463990,Ma Ke (fashion designer)
6003367253456,Internship
6003237743724,Reflection (physics)
6003373671757,Object (philosophy)
6003284678611,Walt Disney
6003899280466,Feminism
6003369095735,Kylie Jenner
6003049887416,Map
6003377208805,Soft rock
6003030421255,Holy Week
6003215243338,Weaving
6003347144805,Lesson
6009220627205,States and union territories of India
6014139531854,The Voice
6004143649209,Sheikh
6003107722932,Bikin
6002979341123,Liquid-crystal display
6003629273583,Country pop
6003076027139,First class travel
6003728502716,Forbes
6002993520846,SMS (hydrology software)
6003152663233,Knee
6003326077109,Olive
6003717138383,Waist
6013212856696,abc television network
6003450235842,DNA
6003137517532,Liberty
6003331292897,Lounge music
6003375902377,United States Congress
6003089065016,
6003124131417,Europop
6009227836761,Wonky pop
6003352347000,Scarf
6002900016362,Languages of India
6003514925642,Katy Perry
6003147728152,Cloud
6003974177367,Game of Thrones
6003486022186,Gossip
6003165781034,Cheers
6003007706419,Minimalism
6003484314198,Reproduction
6003633149383,Vehicle insurance
6003324473654,Russian pop
6003381567337,Cosplay
6003480235269,Melbourne
6003351764757,Triathlons
6003218286847,Handball
6003567925503,Waste
6003183028122,Work of art
6002972563374,Cigarette
6003390741544,Floristry
6003064696870,
6003142272366,Supply chain
6003114817426,Ronaldinho
6005722532204,V-pop
6003360923387,Curriculum
6003187017835,Dia (supermarket chain)
6003074064829,Reebok
6003179403152,Autonomous communities of Spain
6003128652436,Discovery Channel
6003149794033,Tailor
6003785009478,Rhythm
6002969456892,Modern architecture
6003257785969,Yamaha Motor Company
6003337008757,Virtual reality
6002943245246,Morality
6003252029593,Tribe
6003319550391,Automated teller machine
6003257438286,Taiwanese pop
6003381769965,Governor
6003135582576,Golden Delicious
6003357534041,Sword
6003381931218,Peanut
6003049432081,Sponge
6003157703608,Report
6003396133406,Cuba
6003494619027,Wedding ring
6003074033139,Walking
6003989073306,Plus-size clothing
6003462451903,Composer
6003097872258,Philips
6003017204650,PHP
6003349888800,Psychedelic pop
6003784992878,Resource
6002969879892,Operatic pop
6003265014514,Badminton
6003179684766,Geometry
6003032339492,Ariana Grande
6003529276998,Sunshine pop
6003351443119,Jangle pop
6003198703065,Dermatology
6003360603580,Engagement
6003465281439,Naruto
6003896236283,Malaysian pop
6003349925793,Space age pop
6003181244533,Exploration
6003473496165,Organisation internationale de la Francophonie
6003427635077,
6003726029691,Sophisti-pop
6003261586275,
6003302629453,Retro style
6003290982138,Spin (physics)
6003516189970,Unilever
6003215165738,Activism
6003693350916,Professional sports
6003204243813,Biotechnology
6002943117046,Nintendo
6003527286798,Test cricket
6003012587197,Voice of America
6003481384064,Unicorn
1380948878880561,Independent politician
6003377019851,Center (basketball)
6003604267620,Donkey
6003365320945,Empire (film magazine)
6002982503619,Blender
6003473103463,International News Service v. Associated Press
6003316614191,
6003431489469,Residential area
6003294686976,
6003232454885,Postgraduate education
6003246886167,Tragedy
6003026849893,Movie star
6003644807546,Worship
6003069363782,Ferrari
6003392747731,Cheesecake
6004051193896,Converse (shoe company)
6005578967397,Chord names and symbols (popular music)
6003583872307,Ultimate Fighting Championship
6003490797694,Joker (comics)
6003527365198,Free market
6003288539925,
6003368599202,Louis Vuitton
6004233956587,Business administration
6003517260464,Kidney
6003019647129,
6003257743569,Lotus Cars
6007698456652,Tile-matching video game
6003030389007,Tottenham Hotspur F.C.
6003325004380,Startup company
6003247890613,Dancehalls
6003685688856,
6003095884658,Mafia
6004025448989,Norway
6003286597969,Polyester
6003135873208,Dress shirt
6002899087962,Professional wrestling promotion
6003248905176,FIFA (video game series)
6003569017318,Renault
6003195973898,Catering
6003329305980,Cifras
6003432221791,FIFA
6005502221763,LTE (telecommunication)
6003396326531,Keratin
6003103901029,Somatosensory system
6003522704970,Club
6003338367793,
6003257227299,Ring (mathematics)
6003378951448,Fansite
6003397598283,Social status
6003334672434,Bitch (performer)
6003509063864,Health insurance
6003175360102,Demon
6002891262222,Microblogging
6003358115002,Prince (musician)
6004000355306,Fungus
6003098196258,LED lamp
6003061781128,Jackie Chan
6003344820181,Sunlight
6003571588318,Pendant
6003241615611,Pollution
6003287989541,Carpentry
6003312044799,Unmanned aerial vehicle
6003402999839,Rail transport
6003403539800,Login
6003472127663,Medical sign
6003420638031,Vertebral column
6003442940271,Smule
6003011217419,Dish Network
6003111028192,Conglomerate (company)
6003648063946,Thorax
6003318980848,Macintosh
6003719449516,
6003012520481,Keychain
6003274240708,Shoulder
6003121976734,Freckle
6002919604479,Member states of the Arab League
6003331731037,Rede Globo
6003641340907,Cinnamon
6003292124828,Whisky
6003424518540,Spanish Empire
6003471960263,Greek mythology
6003513705337,Cherry blossom
6003667683820,Theme (computing)
6003442577683,Extraterrestrial life
6003075350915,
6003638600501,Heineken
6002930794659,New World
6003272027882,Closeout (sale)
6003678376184,Frases
6004031515409,Clown
6003406385606,Frequency
6003247758675,Cable
6003283765111,Ham
6012822291317,Yo Amo los Zapatos
6003263292593,Toast
6003089716582,Player character
6003061713607,Human hair color
6003333948951,Kayak
6003028508893,Law of agency
6003664369278,Municipal corporation
6003397768403,Orange S.A.
6003732035904,Google Maps
6003231895610,Wave
6003508727331,People's Daily
6003142969961,Frying pan
6003246360601,Shooting sport
6003305689021,Immune system
6004160585695,Smoothie
6003157627484,Button
6002966146529,Open world
6003446091791,Surprise (emotion)
6003121064322,Travel + Leisure
6003653431713,Contractual term
6003735423104,Kenya
6003227624699,Beauty pageant
6003285101759,Foam
6003740705753,Telephone numbering plan
6004004726827,3D film
6003142507139,Fair
6003287139876,Off-roading
6005238138489,Vivo (telecommunications)
6003349516151,Political corruption
6003779580452,Victoria's Secret
6003663540507,Simulation
6004467549789,
6003347022674,Progressive jackpot
6003108649035,Spanish cuisine
6003320162759,Mysticism
6003050468985,Kami
6002963547646,Domino's Pizza
6004160356295,Breathing
6003388736931,Prince
6003110309072,Slipper
6003202179013,Toothpaste
6003150602633,Neckline
6003148546952,Audio engineer
6002969098968,Homelessness
6003156080408,Spandex
6003217464376,Cheek
6003515084642,Amulet
6017457336612,Fondant icing
6003288085327,Banda (music)
6003395513403,Reggae fusion
6013713772468,sing karaoke by smule
6003500112425,Orchestra
6003869868560,Arm
6004122942009,Nail (fastener)
6003020390929,
6003391799554,Audi A7
6003331913032,Parking lot
6003044768044,Idealism
6003444521531,Bubble Shooter
6003484528069,Facebook for Windows Phone
6003326422406,Axilla
6003452678671,Stereophonic sound
6003148405952,Baggage
6003271334593,Satin
6003731962104,Ecuador
6003104179645,Certification
6003173171950,Nutritionist
6003152444230,Sticker
6003220250758,British English
6003719232262,Revenge
6003118112132,Body modification
6003503191825,Carbohydrate
6003381303361,Nickelodeon
6003134965808,Bye (sports)
6003285759000,Divinity
6003228043699,India national cricket team
6003030695607,Bengali language
6003344840181,Superman
6009606544513,Clash of Clans
6004077518748,Group (mathematics)
6003351896888,Paste (food)
6003199517282,
6003240176610,Incandescent light bulb
6003469635964,Dell
6003280390241,Pit bull
6003075753315,Jaw
6003397671883,Watermelon
6003334261945,Michelle Rodriguez
6003089702615,Human behavior
6003251787801,Tablespoon
6003243018499,Brake
6003092492270,Afterlife
6003243289788,Ali (actor)
6003270679793,Portugal national football team
6003323121443,Estate (land)
6003142235584,Plato
6003249482675,Tattoo artist
6003325774888,International trade
6003337952736,Blossom
6003281792454,Jumpsuit
6003055931385,Badoo
6003709831116,Berry
6003022964956,Laundry
6003358052995,Otaku
6003168277122,Supercar
6002893822422,Trade fair
6003713645553,Tamil people
6003320966454,Educational psychology
6003240217210,Playlist
6003331443577,Intimate relationship
6003442730283,Printer (computing)
6003297665308,A.C. Milan
6003123299417,Computer science
6003716449262,
6003239811413,Cave
6003337257243,Graphics software
6002926715572,Arabian Peninsula
6003250315301,DC Comics
6002926554972,Mint (coin)
6003273098908,Zen
6002998600844,Blessing
6003266217509,Air pollution
6003487857831,Marina
6003258086357,Ultrasound
6003072032382,New Delhi
6003017680419,National Geographic (magazine)
6003527347425,Patent
6003571400518,Police officer
6002898128310,Jam session
6003413461689,Front-wheel drive
6003652209516,Smoking
6003543480995,Lime (fruit)
6003024592893,Neotraditional country
6003122184922,Merchant
6003091199058,Diva
6003279150654,Computer virus
6003117415068,BBC News Online
6003323951006,
6003970170748,Apocalypse
6004036178770,Pitbull (rapper)
6003646970116,"Washington, D.C."
6003674086262,Carrot
6003736436953,NCAA Men's Division I Basketball Championship
6003335290028,Tongue
6003445504806,Waistline (clothing)
6003371036540,Crop
6003286448369,Popcorn
6003161929285,Tyrese Gibson
6003404204405,Goal (sport)
6003069499982,Human resource management
6003693164383,Mascara
6003393973731,Persian Gulf
6003146248626,Litre
6003396996283,Femininity
6004102973009,Western music (North America)
6003318818048,
6003645555546,Statistics
6003319838018,Frog
6003647202420,Road running
6003318380288,Bottle
6003223064498,Buttocks
6003166392758,Units of measurement
6003374480877,Arrow
6003202235613,Munhwa Broadcasting Corporation
6003102547070,De Clare
6003420000031,Boot
6002971684994,Lung
6002957716123,Predation
6013195929895,comunicaciones fc
6003073655197,Webcam
6003432927937,Ireland
6003248338072,Casino games
6003372774175,United States Constitution
6003342141823,Dam
6003257273769,Worldbeat
6003308425799,Indian Army
6003102933840,Telugu cinema
6003332796032,Real estate development
6003185622408,Food and Drug Administration
6003342536519,Adam
6004905707670,Inter Milan
6003074559339,Dice
6002979852920,Mobile network operator
6003148839749,Deezer
6003096100816,Flash memory
6003270855393,Sport Club Internacional
6003109945342,Instinct
6002878995772,Lawsuit
6003486993880,Romance languages
6003082224797,Brick
6003321277514,Baby shower
6003135047608,Christian Church
6003393616683,Abu Dhabi
6003288135741,Xeroderma
6002926569172,Moustache
6002968274368,Oxygen
6003371398940,Pump
6003133360814,License
6003173153528,Member states of the Commonwealth of Nations
6003359763404,Prefectures of Japan
6003029100585,Own goal
6003174205214,News magazine
6003205074412,Old Style and New Style dates
6002960081520,Secure Digital
6003382222381,Preventive healthcare
6002999729292,Lease
6003148492952,Landform
6003398722527,Vinegar
6003733878953,Printmaking
6003369694735,
6003075698893,
6002992042859,David Beckham
6003469138687,Hawaii
6003098315616,Li Na
6003834692852,Video blog
6003582617673,Abrahamic religions
6003352477519,200 metres
6003251661486,Cholesterol
6003108436590,Concept car
6004484420351,Xiaomi
6003402044239,Costume jewelry
6002931217562,Ritual
6003375503365,
6003454604144,Persian language
6003354511451,Red carpet
6003066071070,Levi Strauss & Co.
6003285928402,Shraddha Kapoor
6003030419607,New Balance
6003327130854,Disney Channel
6003134100700,Angel (1999 TV series)
6003150407934,Shrek
6003278908502,Beijing
6003349263727,Holism
6003028976219,Land Rover
6003050911756,Honeymoon
6003375402241,Han Chinese
6003353464651,Hypertension Awareness
6003236921326,Asset
6003171017161,Upholstery
6005450854507,Fifty Shades of Grey
6003031026255,Mazda
6004248693729,Dari (Persian dialect)
6003481490664,Vikings
6003495973186,100 metres
6003393176725,American Express
6003222011876,Robotics
6003526362894,BlackBerry
6003505890395,Gospel
6003313004508,Motion (physics)
6003331661171,Rust
6003461162225,Pet food
6003095969582,Sultan
6003213073126,Speed (1994 film)
6003506326626,Machine (mechanical)
6003423693137,Turtle
6003527528795,Mechanical engineering
6003102546440,Nanotechnology
6003650645107,Harvest
6003342222945,Show business
6002933815973,Immortality
6003142177040,Motorola
6003290597041,Hungary
6003224369034,Ranch
6003439606683,Jar
6003077917229,Breast Cancer awareness
6003256796969,Balcony
6003425667057,Porcelain
6003605582620,Commodity
6003044740362,Garage (clothing retailer)
6003190466761,Run (baseball)
6003382075537,Financial transaction
6003089523792,Physiology
6003485331631,Nepal
6003273123243,Salmon
6003515371231,Comune
6003041788315,Wing
6003272376810,Food industry
6004096548609,Rope
6002926071921,ABC News
6003388212018,Melody
6003485417080,Bandung
6003195814698,Cart
6009951045775,Hoy (TV series)
6003338010048,Hugh Jackman
6003314457191,Grand Prix motorcycle racing
6003440191931,Juventus F.C.
6003594467673,Austria
6003290883338,Teen film
6003985298706,Quezon City
6003646986116,Ali
6002949913174,Polka
6003029778007,Television advertisement
6003173089178,Adele
6002891078510,Sofia
6003321632297,Outlet store
6003326075141,Univision
6003145417152,Spider-Man
6002933513973,Bank account
6002966776174,No Doubt
6003595250863,Washing
6004600119049,WeChat
6003496676657,Trust (social sciences)
6003233668722,Double (baseball)
6003748939062,Virtue
6003073937629,Electric charge
6003215251938,HGTV
6003537738003,El Mundo (Spain)
6003435334937,Van
6003143764440,Bachata (music)
6003067408293,Egyptian Arabic
6003075182185,Owl
6003144022726,Burn
6003194204865,Miley Cyrus
6002995703644,Talk radio
6003361492421,Mosquito
6003316500591,Blanket
6003376797981,League of Legends
6003235056167,NA
6003225400545,Ontology
6003656110904,Curtain
6003970944896,Santiago
6003188093378,Presidential system
6003179851166,NA
6003649406913,Highway
6003326054541,Insomnia awareness
6003258109357,Era
6003135878608,News aggregator
6003397545747,Coal
6003215087461,Millionaire
6002963636917,Lil Wayne
6003266591109,Electric power
6003118951045,Western world
6003469754863,Plumbing
6003156062608,Geneva
6003022211756,Electric guitar
6003751160599,Inn
6003339469193,Heel
6003227643142,Time signature
6005492119658,Alia Bhatt
6003163805322,Urdu poetry
6003437523554,Terraced house
6003704170491,Ed Sheeran
6003087413270,Lego
6003253406911,World Heritage Site
6003482960747,Cleaner
6003646972746,Arab League
6003852869252,Old age
6003452862471,Music genre
6003397583083,United States Navy
6003506275986,Vision (Marvel Comics)
6002964500317,Word games
6003375508796,Lenny Kravitz
6003398280603,NA
6003260149357,Mechanics
6003023214956,Stove
6002955429650,Underwater diving
6003419962831,Courier
6003154807105,Berlin
6002977673355,Pastel
6003202394855,NA
6002978731374,Cosmopolitan (magazine)
6003326262288,Priyanka Chopra
6004158331895,Circulatory system
6003213125647,Vacuum
6003104509378,Sniper
6003328262371,Revelation
6003174082214,NA
6003385491396,Miniskirt
6003333119437,Prepaid mobile phone
6002988189659,Casio
6003351297600,Nice
6003314424159,Polo
6003320520094,Luna (singer)
6002992763120,Class (biology)
6002943245846,Coating
6003212278978,Joe (singer)
6003445225280,High-definition video
6003342603828,Fiat Automobiles
6003174303249,NA
6003280367097,Back pain
6003345179959,Protagonist
6003114403792,Bread roll
6003335697456,Facial
6003280677854,Romania
6003386698218,Time travel
6003424484154,Blogger (service)
6003455193544,Urban planning
6003186529615,Extra (acting)
6002987846194,Rocket
6003378159674,zedge
6003384161405,Helicopter
6003333255697,NA
6003146591984,Avon Products
6003290358456,NA
6003219375685,Population
6003169632036,Drinking
6002934123659,Panama
6003489076964,TheEngine
6003432886735,Global Television Network
6003426686657,Michael Jackson
6003315487563,Emergency medical services
6003349280432,Tractor
6003342233987,Cambodia
6003375551674,Post office
6002934493659,Suede
6003349823005,Salvation
6003314622391,Peugeot
6003805457383,Trance music
6003340890228,Passion (Christianity)
6016541021199,Bubble Witch 2 Saga
6003486062469,French language
6003142973061,Italian language
6003789747278,NA
6003227031176,Global warming
6002969804168,Long weekend
6003271017885,NA
6003207977333,Chess
6003352051232,IAAF World Championships in Athletics
6003306415421,Greek cuisine
6003552518063,Overtime (sports)
6003210306830,Scuba diving
6003221199876,Doctor of Philosophy
6003092459956,Space (Latin American TV channel)
6003143917566,Cooperative
6003126178149,Psychedelic rock
6003283123727,Blood plasma
6003332224694,Pollen
6008583400135,NA
6003062607607,Journey (band)
6003013315219,Best Products
6003271115571,NA
6003180089533,Camera phone
6003155195305,NA
6003273892908,Sri Lanka
6003285725341,Puppy love
6003256228667,NA
6003252602475,Child abuse awareness
6003293999102,Icing (food)
6003430268770,Nivea
6003419911319,Ottoman Empire
6003325709179,Telemundo
6003901942666,Tunic
6002896088310,Mouse
6003398228689,Narrative
6002930959562,Earthquake
6003010664250,Public sector
6003405811991,Jasmine
6003117240026,God in Islam
6003070875182,Snoop Dogg
6003011520797,Nerd
6003252403167,Subway (restaurant)
6003451645986,Memory card
6003326561843,Electrical engineering
6003146203226,Scarlett Johansson
6003290919511,dove
6003245827885,Centre (ice hockey)
6003396641023,Extended play
6003401884319,Injury
6003340788908,Alloy
6003037291929,Watt
6003342630187,Volcano
6003483930386,Lock (water transport)
6003628789383,Opera
6003326451509,Glamour (magazine)
6003288256943,Angry Birds
6017012040140,Du Battery Saver
6003343412421,Superhero film
6003337755136,Trivia
